{
    "loss": 0.7085962891578674,
    "accuracy": 0.9044944047927856
}