{
    "loss": 7.071348667144775,
    "accuracy": 0.5056179761886597
}