{
    "loss": 2.3168952465057373,
    "accuracy": 0.7808988690376282
}